<!DOCTYPE dwr PUBLIC
    "-//GetAhead Limited//DTD Direct Web Remoting 1.0//EN"
    "http://www.getahead.ltd.uk/dwr/dwr10.dtd">

<dwr>
	<init>
		<creator id="jsf"
			class="uk.ltd.getahead.dwr.create.JsfCreator" />
	</init>
	<allow>
		<create creator="jsf" javascript="Contact">
			<param name="managedBeanName" value="contact" />
			<param name="class" value="test.Contact" />
		</create>
		<create creator="jsf" javascript="AddressBook">
			<param name="managedBeanName" value="addressBook" />
			<param name="class" value="test.AddressBook" />
		</create>
		<convert converter="bean" match="test.Contact"/>
	</allow>
</dwr>