<?xml version="1.0" encoding="UTF-8"?>
<!DOCTYPE faces-config PUBLIC "-//Sun Microsystems, Inc.//DTD JavaServer Faces Config 1.1//EN" "http://java.sun.com/dtd/web-facesconfig_1_1.dtd">

<faces-config >
	<navigation-rule>
		<from-view-id>/list_contacts.jsp</from-view-id>
	</navigation-rule>
	
	<managed-bean>
		<managed-bean-name>addressBook</managed-bean-name>
		<managed-bean-class>test.AddressBook</managed-bean-class>
		<managed-bean-scope>session</managed-bean-scope>
	</managed-bean>
	<managed-bean>
		<managed-bean-name>contact</managed-bean-name>
		<managed-bean-class>test.Contact</managed-bean-class>
		<managed-bean-scope>request</managed-bean-scope>
		<managed-property>
			<property-name>name</property-name>
			<value>Pierpaolo</value>
		</managed-property>
		<managed-property>
			<property-name>surname</property-name>
			<value>Follia</value>
		</managed-property>
		<managed-property>
			<property-name>email</property-name>
			<value>pfollia@gmail.com</value>
		</managed-property>
	</managed-bean>
</faces-config>

