<?xml version="1.0" encoding="UTF-8"?>

<project
	default="dev:build"
	xmlns:maven="jelly:maven"
	xmlns:ant="jelly:ant"
 	xmlns:j="jelly:core" >

	<!-- start custom goals -->
    
	<goal name="dev:build"
		  description="Main build file.">

		<attainGoal name="clean:clean" />
		<attainGoal name="xdoclet:webdoclet" />
		<attainGoal name="java:compile" />

		<attainGoal name="war:war" />
	</goal>

	<preGoal name="war:war" >
		<copy todir="${maven.war.webapp.dir}/WEB-INF">
			<fileset dir="${maven.xdoclet.webdoclet.destDir}" 
					 includes="*"/>
		</copy>
	</preGoal>
</project>