<?xml version="1.0" encoding="UTF-8"?>
<project>
    <pomVersion>3</pomVersion>
    <artifactId>dwr-xdoclet</artifactId>
    <name>dwr-xdoclet</name>
    <groupId>rakstar</groupId>
    <currentVersion>1.0</currentVersion>
    <organization>
        <name>Attic Studios</name>
    </organization>
    <inceptionYear>2005</inceptionYear>
    <logo>/images/logo.gif</logo>
    <repository />
    <mailingLists>
        <mailingList>
            <name>${pom.name} Dev List</name>
        </mailingList>
        <mailingList>
            <name>${pom.name} User List</name>
        </mailingList>
    </mailingLists>
    <developers>
        <developer>
            <name>Rainier Ramos</name>
            <id>0</id>
            <email>rkramos@yahoo.com</email>
        </developer>
    </developers>
    <dependencies>
        <dependency>
            <groupId>servletapi</groupId>
            <artifactId>servletapi</artifactId>
            <version>2.4</version>
            <type>jar</type>
        </dependency>
        <dependency>
            <groupId>jspapi</groupId>
            <artifactId>jsp-api</artifactId>
            <version>2.0</version>
            <type>jar</type>
        </dependency>
        <dependency>
            <groupId>xdoclet</groupId>
            <artifactId>xdoclet</artifactId>
            <version>1.2.3</version>
            <type>jar</type>
            <properties>
                <eclipse.dependency>false</eclipse.dependency>
            </properties>
        </dependency>
        <dependency>
            <groupId>xdoclet</groupId>
            <artifactId>xdoclet-web-module</artifactId>
            <version>1.2.3</version>
            <type>jar</type>
            <properties>
                <eclipse.dependency>false</eclipse.dependency>
            </properties>
        </dependency>
        <dependency>
            <groupId>xdoclet</groupId>
            <artifactId>xdoclet-apache-module</artifactId>
            <version>1.2.3</version>
            <type>jar</type>
            <properties>
                <eclipse.dependency>false</eclipse.dependency>
            </properties>
        </dependency>
        <dependency>
            <groupId>xdoclet</groupId>
            <artifactId>xdoclet-ejb-module</artifactId>
            <version>1.2.3</version>
            <type>jar</type>
            <properties>
                <eclipse.dependency>false</eclipse.dependency>
            </properties>
        </dependency>
        <dependency>
            <groupId>xdoclet</groupId>
            <artifactId>xdoclet-jsf-module</artifactId>
            <version>1.2.3</version>
            <type>jar</type>
            <properties>
                <eclipse.dependency>false</eclipse.dependency>
            </properties>
        </dependency>
        <dependency>
            <groupId>xdoclet</groupId>
            <artifactId>xdoclet-jmx-module</artifactId>
            <version>1.2.3</version>
            <type>jar</type>
            <properties>
                <eclipse.dependency>false</eclipse.dependency>
            </properties>
        </dependency>
        <dependency>
            <groupId>xdoclet</groupId>
            <artifactId>xdoclet-dwr-module</artifactId>
            <version>1.2.3</version>
            <type>jar</type>
            <properties>
                <eclipse.dependency>false</eclipse.dependency>
            </properties>
        </dependency>
        <dependency>
            <groupId>xdoclet</groupId>
            <artifactId>maven-xdoclet-plugin</artifactId>
            <version>1.2.3-DWR</version>
            <type>plugin</type>
        </dependency>
        <dependency>
            <groupId>xjavadoc</groupId>
            <artifactId>xjavadoc</artifactId>
            <version>1.1</version>
            <type>jar</type>
            <properties>
                <eclipse.dependency>false</eclipse.dependency>
            </properties>
        </dependency>
        <dependency>
            <groupId>commons-beanutils</groupId>
            <artifactId>commons-beanutils</artifactId>
            <version>1.7.0</version>
            <type>jar</type>
            <properties>
                <war.bundle>true</war.bundle>
            </properties>
        </dependency>
        <dependency>
            <groupId>commons-codec</groupId>
            <artifactId>commons-codec</artifactId>
            <version>1.3</version>
            <type>jar</type>
            <properties>
                <war.bundle>true</war.bundle>
            </properties>
        </dependency>
        <dependency>
            <groupId>commons-collections</groupId>
            <artifactId>commons-collections</artifactId>
            <version>3.1</version>
            <type>jar</type>
            <properties>
                <war.bundle>true</war.bundle>
            </properties>
        </dependency>
        <dependency>
            <groupId>commons-digester</groupId>
            <artifactId>commons-digester</artifactId>
            <version>1.7</version>
            <type>jar</type>
            <properties>
                <war.bundle>true</war.bundle>
            </properties>
        </dependency>
        <dependency>
            <groupId>commons-el</groupId>
            <artifactId>commons-el</artifactId>
            <version>1.0</version>
            <type>jar</type>
            <properties>
                <war.bundle>true</war.bundle>
            </properties>
        </dependency>
        <dependency>
            <groupId>commons-fileupload</groupId>
            <artifactId>commons-fileupload</artifactId>
            <version>1.0</version>
            <type>jar</type>
            <properties>
                <war.bundle>true</war.bundle>
            </properties>
        </dependency>
        <dependency>
            <groupId>commons-logging</groupId>
            <artifactId>commons-logging</artifactId>
            <version>1.0.4</version>
            <type>jar</type>
            <properties>
                <war.bundle>true</war.bundle>
            </properties>
        </dependency>
        <dependency>
            <groupId>commons-validator</groupId>
            <artifactId>commons-validator</artifactId>
            <version>1.1.4</version>
            <type>jar</type>
            <properties>
                <war.bundle>true</war.bundle>
            </properties>
        </dependency>
        <dependency>
            <groupId>log4j</groupId>
            <artifactId>log4j</artifactId>
            <version>1.2.11</version>
            <type>jar</type>
            <properties>
                <war.bundle>true</war.bundle>
            </properties>
        </dependency>
        <dependency>
            <groupId>uk.ltd.getahead</groupId>
            <artifactId>dwr</artifactId>
            <version>1.0</version>
            <type>jar</type>
            <properties>
                <war.bundle>true</war.bundle>
            </properties>
        </dependency>
    </dependencies>
    <build>
        <sourceDirectory>src/java</sourceDirectory>
        <unitTestSourceDirectory>src/test</unitTestSourceDirectory>
        <unitTest>
            <includes>
                <include>**/*Test.java</include>
            </includes>
        </unitTest>
        <resources>
            <resource>
                <directory>src/java</directory>
                <includes>
                    <include>**/*.xml</include>
                </includes>
                <filtering>false</filtering>
            </resource>
        </resources>
    </build>
    <properties />
</project>

